unique_id,age,gender
530863876,42,male
524337317,29,male
246374429,21,female
100125154,29,male
867476338,29,female
32034696,38,male
759418836,32,male
904883244,59,male
586346915,36,female
637668138,30,male
14943693,39,male
13708908,25,male
59367911,47,female
550721671,28,female
994692692,21,female
663795436,39,female
161234436,25,male
557207580,28,female
246532124,23,male
874662429,36,male
614285355,59,male
855399085,32,female
422087765,45,female
940229231,45,male
561842983,23,female
343944905,31,male
47022865,21,male
238678139,38,female
216287717,50,female
902223169,19,female
564734227,30,male
175188025,42,male
187172011,51,female
339232704,31,male
246532124,23,male
753565148,26,female
102678881,32,male
83185292,39,male
694264273,31,male
246532124,23,male
730068356,51,female
504546409,NA,NA
751712225,22,female
287027128,37,female
563522777,53,male
386661197,46,male
254118946,64,female
373740279,51,female
699441423,48,male
637089700,43,male
881713870,25,non-binary
954130481,50,female
601833546,34,male
952386283,26,female
841303698,19,female
237498336,49,male
526570034,63,male
72442795,19,female
469672453,27,male
238079276,28,female
786441188,27,female
920896673,35,male
920212493,61,male
658421880,53,female
477618299,53,male
199802590,27,male
621686155,42,female
727031797,27,male
456445084,48,male
589607780,35,female
386456897,23,male
965314508,28,male
295696078,32,male
591041139,29,non-binary
293831276,60,female
684265529,19,non-binary
631750145,24,female
764499289,52,male
506524197,36,male
681045009,26,male
234276163,55,female
196574198,21,female
246532124,23,male
464934738,21,male
108266335,32,female
510787584,34,female
247697997,20,male
317124448,36,female
821599197,45,female
692009266,31,male
